Epoch,Batch Time,Loss,Prec@1,Prec@5
0,0.018,2.59537,48.701,67.623
1,0.018,4.73093,29.412,72.574
0,0.062,1.99179,41.348,63.064
1,0.062,3.09669,33.039,89.951
2,0.062,0.8287,67.745,88.725
3,0.062,2.10836,33.113,91.912
4,0.063,1.26341,53.848,86.838
5,0.062,0.51391,82.426,95.588
6,0.062,0.66437,78.26,92.255
7,0.062,0.5136,82.23,95.515
8,0.062,0.63,78.971,93.652
9,0.062,0.5326,82.279,95.245
10,0.062,0.48549,83.48,95.784
11,0.062,0.48542,83.456,95.662
12,0.062,0.49451,83.137,95.662
