Epoch,Batch Time,Loss,Prec@1,Prec@5
0,0.136,1.27588,51.225,91.691
1,0.065,0.73896,74.73,90.76
2,0.067,0.86545,72.5,91.029
3,0.066,0.93364,66.25,92.23
4,0.067,0.56131,80.319,94.804
5,0.066,0.57884,79.583,94.975
6,0.067,0.65867,75.858,94.902
7,0.065,0.52913,81.495,95.049
8,0.066,0.52843,81.422,94.951
9,0.066,0.52839,81.471,94.926
10,0.065,0.52879,81.422,94.853
11,0.066,0.53175,81.275,94.828
12,0.066,0.53194,81.275,94.804
13,0.067,0.53218,81.25,94.804
